{
 "T1": {
  "uniform": {
   "p1": 1.0388704335995267,
   "p2": 0.7734196584242664,
   "gap": 0.2654507751752603,
   "n": 10
  },
  "task_arithmetic": {
   "p1": 1.14594915995129,
   "p2": 0.7164094534105667,
   "gap": 0.4295397065407234,
   "n": 10
  },
  "ties": {
   "p1": 1.03147433033101,
   "p2": 0.8260506575629805,
   "gap": 0.20542367276802964,
   "n": 10
  },
  "dare_ties": {
   "p1": 1.0120866441461398,
   "p2": 0.8206620707153146,
   "gap": 0.1914245734308252,
   "n": 10
  },
  "rd_encoder": {
   "p1": 0.9452823206352029,
   "p2": 0.9069882557192048,
   "gap": 0.03829406491599807,
   "n": 10
  }
 },
 "T2": {
  "vjepa2_l": {
   "uniform": 0.8476720716279822,
   "task_arithmetic": 0.6600844625516054,
   "ties": 0.8890401244539218,
   "dare_ties": 0.8603697266046731,
   "rd_encoder": 0.9901893807125958
  },
  "mae_l": {
   "uniform": 0.6508794472953792,
   "task_arithmetic": 0.48774664868572243,
   "ties": 0.7071259090004433,
   "dare_ties": 0.6561853722303942,
   "rd_encoder": 0.7606933427083894
  },
  "dinov2_l": {
   "uniform": 0.9040645552660371,
   "task_arithmetic": 0.7987966937541944,
   "ties": 0.930853540324114,
   "dare_ties": 0.8982063810621277,
   "rd_encoder": 0.9020259089864784
  },
  "lejepa_pilot_lam0.1": {
   "uniform": 0.719482291051729,
   "task_arithmetic": 0.8005567667364807,
   "ties": 0.8239838614212431,
   "dare_ties": 0.7791645508960139,
   "rd_encoder": 0.9223114047730211
  },
  "lejepa_pilot_lam1.0": {
   "uniform": 0.7449999268802046,
   "task_arithmetic": 0.8348626953248305,
   "ties": 0.7792498526151801,
   "dare_ties": 0.9093843227833638,
   "rd_encoder": 0.9597212414155392
  }
 },
 "T3": {
  "vjepa2_l": {
   "rd": 0.9901893807125958,
   "best_baseline": "ties",
   "best_baseline_val": 0.8890401244539218,
   "margin": 0.10114925625867399
  },
  "mae_l": {
   "rd": 0.7606933427083894,
   "best_baseline": "ties",
   "best_baseline_val": 0.7071259090004433,
   "margin": 0.053567433707946144
  },
  "dinov2_l": {
   "rd": 0.9020259089864784,
   "best_baseline": "ties",
   "best_baseline_val": 0.930853540324114,
   "margin": -0.028827631337635662
  },
  "lejepa_pilot_lam0.1": {
   "rd": 0.9223114047730211,
   "best_baseline": "ties",
   "best_baseline_val": 0.8239838614212431,
   "margin": 0.09832754335177796
  },
  "lejepa_pilot_lam1.0": {
   "rd": 0.9597212414155392,
   "best_baseline": "dare_ties",
   "best_baseline_val": 0.9093843227833638,
   "margin": 0.050336918632175376
  }
 },
 "p1_p2_wilcoxon_p": 6.78354924232849e-07,
 "rd_vs_ta_p2_ci": {
  "mean": 0.19057880230863808,
  "lo": 0.08998942070114191,
  "hi": 0.27871225665003696
 },
 "n_backbones": 5,
 "n_merges": 50
}