{
 "encoder": "vjepa2_l",
 "merger": "task_arithmetic",
 "merger_args": {
  "coef": 0.3
 },
 "tasks": [
  "mnist",
  "dtd"
 ],
 "k": 2,
 "adapters": [
  "results/adapters/vjepa2_l/mnist_c1lam0.05_s0.pt",
  "results/adapters/vjepa2_l/dtd_c1lam0.05_s0.pt"
 ],
 "acc_p1_merged": {
  "mnist": 0.9869,
  "dtd": 0.6611702127659574
 },
 "acc_p2_merged": {
  "mnist": 0.6247000098228455,
  "dtd": 0.12340425699949265
 },
 "solo_p1": {
  "mnist": 0.9893,
  "dtd": 0.6537234042553192
 },
 "solo_p2": {
  "mnist": 0.9877,
  "dtd": 0.16595744680851063
 },
 "retention_p1": {
  "retention_mean": 1.004482708676903,
  "retention_worst": 0.9975740422520974,
  "per_task": {
   "mnist": 0.9975740422520974,
   "dtd": 1.0113913751017087
  },
  "acc_merged_mean": 0.8240351063829787
 },
 "retention_p2": {
  "retention_mean": 0.6880346307416442,
  "retention_worst": 0.6324795077683967,
  "per_task": {
   "mnist": 0.6324795077683967,
   "dtd": 0.7435897537148917
  },
  "acc_merged_mean": 0.37405213341116905
 },
 "feature_drift": {
  "mnist": 0.9377729296684265,
  "dtd": 0.10649111866950989
 },
 "cka": {
  "mnist": 0.6603250306416188,
  "dtd": 0.9931492063665474
 },
 "taskvec_geometry": {
  "names": [
   "mnist",
   "dtd"
  ],
  "pairwise_cosine_mean": -0.0027509022038429976,
  "pairwise_cosine": [
   [
    1.021944522857666,
    -0.0027509022038429976
   ],
   [
    -0.0027509022038429976,
    1.0154945850372314
   ]
  ],
  "sign_conflict_rate": 0.5018530488014221,
  "sign_conflict_per_layer": {
   "net.encoder.layer.0.attention.key": 0.505213737487793,
   "net.encoder.layer.0.attention.proj": 0.5194282531738281,
   "net.encoder.layer.0.attention.query": 0.478118896484375,
   "net.encoder.layer.0.attention.value": 0.4954519271850586,
   "net.encoder.layer.1.attention.key": 0.4945487976074219,
   "net.encoder.layer.1.attention.proj": 0.5780353546142578,
   "net.encoder.layer.1.attention.query": 0.5159149169921875,
   "net.encoder.layer.1.attention.value": 0.5110721588134766,
   "net.encoder.layer.10.attention.key": 0.5007896423339844,
   "net.encoder.layer.10.attention.proj": 0.4996166229248047,
   "net.encoder.layer.10.attention.query": 0.5013895034790039,
   "net.encoder.layer.10.attention.value": 0.5015439987182617,
   "net.encoder.layer.11.attention.key": 0.5020008087158203,
   "net.encoder.layer.11.attention.proj": 0.5015430450439453,
   "net.encoder.layer.11.attention.query": 0.4996004104614258,
   "net.encoder.layer.11.attention.value": 0.49777984619140625,
   "net.encoder.layer.12.attention.key": 0.5039577484130859,
   "net.encoder.layer.12.attention.proj": 0.5041818618774414,
   "net.encoder.layer.12.attention.query": 0.5044431686401367,
   "net.encoder.layer.12.attention.value": 0.5003662109375,
   "net.encoder.layer.13.attention.key": 0.5018367767333984,
   "net.encoder.layer.13.attention.proj": 0.4999418258666992,
   "net.encoder.layer.13.attention.query": 0.5061874389648438,
   "net.encoder.layer.13.attention.value": 0.4995307922363281,
   "net.encoder.layer.14.attention.key": 0.5031414031982422,
   "net.encoder.layer.14.attention.proj": 0.5007143020629883,
   "net.encoder.layer.14.attention.query": 0.5010967254638672,
   "net.encoder.layer.14.attention.value": 0.5000171661376953,
   "net.encoder.layer.15.attention.key": 0.5010223388671875,
   "net.encoder.layer.15.attention.proj": 0.5052852630615234,
   "net.encoder.layer.15.attention.query": 0.49878787994384766,
   "net.encoder.layer.15.attention.value": 0.5001039505004883,
   "net.encoder.layer.16.attention.key": 0.49937915802001953,
   "net.encoder.layer.16.attention.proj": 0.5009679794311523,
   "net.encoder.layer.16.attention.query": 0.5034933090209961,
   "net.encoder.layer.16.attention.value": 0.5027475357055664,
   "net.encoder.layer.17.attention.key": 0.5036754608154297,
   "net.encoder.layer.17.attention.proj": 0.5039844512939453,
   "net.encoder.layer.17.attention.query": 0.4990501403808594,
   "net.encoder.layer.17.attention.value": 0.4953584671020508,
   "net.encoder.layer.18.attention.key": 0.49683380126953125,
   "net.encoder.layer.18.attention.proj": 0.49987125396728516,
   "net.encoder.layer.18.attention.query": 0.5015935897827148,
   "net.encoder.layer.18.attention.value": 0.4989042282104492,
   "net.encoder.layer.19.attention.key": 0.5065774917602539,
   "net.encoder.layer.19.attention.proj": 0.5038022994995117,
   "net.encoder.layer.19.attention.query": 0.5003986358642578,
   "net.encoder.layer.19.attention.value": 0.5019617080688477,
   "net.encoder.layer.2.attention.key": 0.5044078826904297,
   "net.encoder.layer.2.attention.proj": 0.4755830764770508,
   "net.encoder.layer.2.attention.query": 0.49144744873046875,
   "net.encoder.layer.2.attention.value": 0.489349365234375,
   "net.encoder.layer.20.attention.key": 0.4962778091430664,
   "net.encoder.layer.20.attention.proj": 0.5059280395507812,
   "net.encoder.layer.20.attention.query": 0.49841880798339844,
   "net.encoder.layer.20.attention.value": 0.5039262771606445,
   "net.encoder.layer.21.attention.key": 0.5013589859008789,
   "net.encoder.layer.21.attention.proj": 0.4957609176635742,
   "net.encoder.layer.21.attention.query": 0.4997854232788086,
   "net.encoder.layer.21.attention.value": 0.5023708343505859,
   "net.encoder.layer.22.attention.key": 0.4959554672241211,
   "net.encoder.layer.22.attention.proj": 0.5117645263671875,
   "net.encoder.layer.22.attention.query": 0.4992542266845703,
   "net.encoder.layer.22.attention.value": 0.48929405212402344,
   "net.encoder.layer.23.attention.key": 0.4996967315673828,
   "net.encoder.layer.23.attention.proj": 0.4958620071411133,
   "net.encoder.layer.23.attention.query": 0.49730777740478516,
   "net.encoder.layer.23.attention.value": 0.4821510314941406,
   "net.encoder.layer.3.attention.key": 0.5015668869018555,
   "net.encoder.layer.3.attention.proj": 0.4957551956176758,
   "net.encoder.layer.3.attention.query": 0.49852561950683594,
   "net.encoder.layer.3.attention.value": 0.4987621307373047,
   "net.encoder.layer.4.attention.key": 0.4994058609008789,
   "net.encoder.layer.4.attention.proj": 0.500056266784668,
   "net.encoder.layer.4.attention.query": 0.5079736709594727,
   "net.encoder.layer.4.attention.value": 0.5072107315063477,
   "net.encoder.layer.5.attention.key": 0.5089082717895508,
   "net.encoder.layer.5.attention.proj": 0.49633026123046875,
   "net.encoder.layer.5.attention.query": 0.529815673828125,
   "net.encoder.layer.5.attention.value": 0.5388584136962891,
   "net.encoder.layer.6.attention.key": 0.5031547546386719,
   "net.encoder.layer.6.attention.proj": 0.5045814514160156,
   "net.encoder.layer.6.attention.query": 0.49874019622802734,
   "net.encoder.layer.6.attention.value": 0.512812614440918,
   "net.encoder.layer.7.attention.key": 0.49287891387939453,
   "net.encoder.layer.7.attention.proj": 0.49849891662597656,
   "net.encoder.layer.7.attention.query": 0.49857330322265625,
   "net.encoder.layer.7.attention.value": 0.49695682525634766,
   "net.encoder.layer.8.attention.key": 0.4883890151977539,
   "net.encoder.layer.8.attention.proj": 0.5010490417480469,
   "net.encoder.layer.8.attention.query": 0.49488067626953125,
   "net.encoder.layer.8.attention.value": 0.5042877197265625,
   "net.encoder.layer.9.attention.key": 0.5048027038574219,
   "net.encoder.layer.9.attention.proj": 0.5125570297241211,
   "net.encoder.layer.9.attention.query": 0.49678516387939453,
   "net.encoder.layer.9.attention.value": 0.4986152648925781
  },
  "subspace_overlap_mean": 0.548219546986123,
  "stable_rank": {
   "mnist": 1.4146220457290368,
   "dtd": 2.6616514265974627
  },
  "participation_ratio": {
   "mnist": 1.877080428103606,
   "dtd": 4.90657136713465
  }
 },
 "seeds": [
  0,
  0
 ],
 "lambda_ft": [
  0.05,
  0.05
 ]
}