{
 "encoder": "lejepa_s",
 "merger": "uniform",
 "merger_args": {},
 "tasks": [
  "eurosat",
  "resisc45"
 ],
 "k": 2,
 "adapters": [
  "results/adapters/lejepa_pilot_lam0.1/eurosat_c0_s0.pt",
  "results/adapters/lejepa_pilot_lam0.1/resisc45_c0_s0.pt"
 ],
 "acc_p1_merged": {
  "eurosat": 0.3977777777777778,
  "resisc45": 0.14492063492063492
 },
 "acc_p2_merged": {
  "eurosat": 0.1133333370089531,
  "resisc45": 0.017619047313928604
 },
 "solo_p1": {
  "eurosat": 0.48203703703703704,
  "resisc45": 0.12206349206349207
 },
 "solo_p2": {
  "eurosat": 0.2225925925925926,
  "resisc45": 0.041746031746031746
 },
 "retention_p1": {
  "retention_mean": 1.006228933605168,
  "retention_worst": 0.8252016903572801,
  "per_task": {
   "eurosat": 0.8252016903572801,
   "resisc45": 1.1872561768530558
  },
  "acc_merged_mean": 0.27134920634920634
 },
 "retention_p2": {
  "retention_mean": 0.46560232772624044,
  "retention_worst": 0.42205322463022893,
  "per_task": {
   "eurosat": 0.5091514308222519,
   "resisc45": 0.42205322463022893
  },
  "acc_merged_mean": 0.06547619216144085
 },
 "feature_drift": {
  "eurosat": 0.8199735283851624,
  "resisc45": 0.6557793021202087
 },
 "cka": {
  "eurosat": 0.5878852968592368,
  "resisc45": 0.6475769350852897
 },
 "taskvec_geometry": {
  "names": [
   "eurosat",
   "resisc45"
  ],
  "pairwise_cosine_mean": 0.2974851131439209,
  "pairwise_cosine": [
   [
    1.0009613037109375,
    0.2974851131439209
   ],
   [
    0.2974851131439209,
    1.000523567199707
   ]
  ],
  "sign_conflict_rate": 0.43310970067977905,
  "sign_conflict_per_layer": {
   "net.blocks.0.attn.proj": 0.4644300639629364,
   "net.blocks.0.attn.qkv": 0.40318015217781067,
   "net.blocks.1.attn.proj": 0.4917263388633728,
   "net.blocks.1.attn.qkv": 0.40653708577156067,
   "net.blocks.10.attn.proj": 0.33807373046875,
   "net.blocks.10.attn.qkv": 0.43112295866012573,
   "net.blocks.11.attn.proj": 0.2977634072303772,
   "net.blocks.11.attn.qkv": 0.41500967741012573,
   "net.blocks.2.attn.proj": 0.4934217631816864,
   "net.blocks.2.attn.qkv": 0.47510668635368347,
   "net.blocks.3.attn.proj": 0.48638916015625,
   "net.blocks.3.attn.qkv": 0.48300284147262573,
   "net.blocks.4.attn.proj": 0.4926215410232544,
   "net.blocks.4.attn.qkv": 0.4913398027420044,
   "net.blocks.5.attn.proj": 0.489501953125,
   "net.blocks.5.attn.qkv": 0.4990098774433136,
   "net.blocks.6.attn.proj": 0.5217421054840088,
   "net.blocks.6.attn.qkv": 0.46902579069137573,
   "net.blocks.7.attn.proj": 0.5506930947303772,
   "net.blocks.7.attn.qkv": 0.4657524824142456,
   "net.blocks.8.attn.proj": 0.3802083432674408,
   "net.blocks.8.attn.qkv": 0.34415915608406067,
   "net.blocks.9.attn.proj": 0.3319430947303772,
   "net.blocks.9.attn.qkv": 0.26700395345687866
  },
  "subspace_overlap_mean": 0.5584067876140276,
  "stable_rank": {
   "eurosat": 1.1458280698143222,
   "resisc45": 1.017977419326378
  },
  "participation_ratio": {
   "eurosat": 1.2665020674467087,
   "resisc45": 1.0362240175406139
  }
 },
 "seeds": [
  0,
  0
 ],
 "lambda_ft": [
  0.0,
  0.0
 ]
}